categoria,palavra
Comédia,As Branquelas
Animação,Frozen
Terror,O Exorcista
Comédia,"Se Beber, Não Case"
Romance,Um Amor para Recordar
Ação,Velozes e Furiosos
Terror,O Exorcista
Fantasia,Percy Jackson
Ação,John Wick
Fantasia,Alice no País das Maravilhas
Terror,Atividade Paranormal
Animação,Toy Story
Drama,Beleza Americana
Romance,Como Eu Era Antes de Você
Animação,Procurando Nemo
Terror,Hereditário
Ficção Científica,Interestelar
Comédia,Esqueceram de Mim
Comédia,Gente Grande
Ficção Científica,Duna
Animação,Toy Story
Suspense,Fragmentado
Comédia,Esqueceram de Mim
Comédia,Click
Ficção Científica,Duna
Terror,Pânico
Comédia,As Branquelas
Terror,Hereditário
Animação,Shrek
Terror,Hereditário
Comédia,Esqueceram de Mim
Animação,Meu Malvado Favorito
Ficção Científica,Matrix
Ficção Científica,Star Wars
Terror,Pânico
Animação,Shrek
Drama,A Cor Púrpura
Terror,O Exorcista
Suspense,Corra!
Animação,Frozen
Ficção Científica,Avatar
Ação,John Wick
Ação,O Protetor
Romance,Como Eu Era Antes de Você
Comédia,O Máskara
Ficção Científica,Matrix
Suspense,Corra!
Suspense,Garota Exemplar
Animação,Procurando Nemo
Terror,Pânico
Fantasia,Percy Jackson
Animação,Divertida Mente
Romance,Como Eu Era Antes de Você
Terror,O Exorcista
Fantasia,Alice no País das Maravilhas
Comédia,As Branquelas
Comédia,Ace Ventura
Drama,Titanic
Romance,A Cinco Passos de Você
Comédia,Esqueceram de Mim
Romance,A Cinco Passos de Você
Suspense,Fragmentado
Animação,Toy Story
Comédia,Click
Ficção Científica,Interestelar
Animação,Divertida Mente
Drama,Clube da Luta
Ação,Duro de Matar
Fantasia,O Senhor dos Anéis
Fantasia,Harry Potter
Animação,Frozen
Drama,Forrest Gump
Drama,A Cor Púrpura
Fantasia,Harry Potter
Ficção Científica,Blade Runner
Ação,Velozes e Furiosos
Ficção Científica,Avatar
Animação,Frozen
Ação,John Wick
Comédia,"Se Beber, Não Case"
Suspense,A Ilha do Medo
Fantasia,O Senhor dos Anéis
Drama,Beleza Americana
Suspense,Fragmentado
Drama,Forrest Gump
Fantasia,Percy Jackson
Romance,Diário de uma Paixão
Fantasia,O Senhor dos Anéis
Animação,Divertida Mente
Ficção Científica,Blade Runner
Fantasia,Alice no País das Maravilhas
Comédia,O Máskara
Terror,Invocação do Mal
Ficção Científica,Interestelar
Fantasia,O Senhor dos Anéis
Terror,Invocação do Mal
Comédia,As Branquelas
Terror,Invocação do Mal
Ação,O Protetor
Comédia,O Máskara
Animação,Meu Malvado Favorito
Terror,O Iluminado
Drama,Beleza Americana
Suspense,Garota Exemplar
Suspense,Corra!
Terror,Invocação do Mal
Comédia,Esqueceram de Mim
Ficção Científica,Blade Runner
Romance,PS: Eu Te Amo
Ação,Velozes e Furiosos
Ação,Velocidade Máxima
Ficção Científica,Avatar
Comédia,O Máskara
Terror,O Exorcista
Fantasia,Alice no País das Maravilhas
Drama,Clube da Luta
Drama,Forrest Gump
Suspense,Garota Exemplar
Comédia,Debi & Lóide
Fantasia,Harry Potter
Ação,Missão Impossível
Comédia,O Máskara
Drama,Clube da Luta
Suspense,Corra!
Terror,Hereditário
Romance,Um Amor para Recordar
Drama,Clube da Luta
Ação,Velocidade Máxima
Animação,Meu Malvado Favorito
Animação,Divertida Mente
Fantasia,Alice no País das Maravilhas
Drama,O Poderoso Chefão
Animação,Frozen
Ação,Missão Impossível
Ficção Científica,Interestelar
Ação,Gladiador
Fantasia,Percy Jackson
Drama,À Espera de um Milagre
Fantasia,Harry Potter
Drama,À Espera de um Milagre
Comédia,O Máskara
Romance,Um Amor para Recordar
Terror,O Iluminado
Ação,Velozes e Furiosos
Romance,A Cinco Passos de Você
Fantasia,Crônicas de Nárnia
Animação,Frozen
Ficção Científica,Matrix
Animação,Divertida Mente
Drama,Beleza Americana
Animação,Meu Malvado Favorito
Ficção Científica,Avatar
Comédia,As Branquelas
Suspense,Fragmentado
Comédia,"Se Beber, Não Case"
Fantasia,O Senhor dos Anéis
Fantasia,Crônicas de Nárnia
Drama,Forrest Gump
Comédia,O Máskara
Ficção Científica,Star Wars
Drama,Clube da Luta
Fantasia,Crônicas de Nárnia
Fantasia,Harry Potter
Fantasia,Crônicas de Nárnia
Comédia,Ace Ventura
Animação,Shrek
Comédia,Ace Ventura
Animação,Moana
Terror,Pânico
Ficção Científica,Matrix
Animação,Meu Malvado Favorito
Animação,Toy Story
Comédia,Esqueceram de Mim
Animação,Toy Story
Ação,O Protetor
Drama,Beleza Americana
Animação,Procurando Nemo
Suspense,Fragmentado
Romance,A Cinco Passos de Você
Ação,Velozes e Furiosos
Comédia,Ace Ventura
Fantasia,Harry Potter
Ficção Científica,Duna
Fantasia,O Senhor dos Anéis
Romance,Diário de uma Paixão
Ação,Duro de Matar
Ficção Científica,Avatar
Ação,O Protetor
Terror,Pânico
Terror,Pânico
Comédia,Gente Grande
Fantasia,Alice no País das Maravilhas
Drama,O Poderoso Chefão
Drama,Titanic
Drama,Clube da Luta
Ação,Mad Max
Ficção Científica,Avatar
Romance,Diário de uma Paixão
Animação,Procurando Nemo
Comédia,Esqueceram de Mim
Ação,Gladiador
Terror,O Exorcista
Suspense,O Silêncio dos Inocentes
Animação,Frozen
Terror,Invocação do Mal
Terror,Atividade Paranormal
Ficção Científica,Star Wars
Comédia,Click
Ficção Científica,2001: Uma Odisseia no Espaço
Fantasia,Alice no País das Maravilhas
Fantasia,Crônicas de Nárnia
Ação,Velozes e Furiosos
Animação,Procurando Nemo
Animação,Toy Story
Comédia,Esqueceram de Mim
Ficção Científica,2001: Uma Odisseia no Espaço
Ficção Científica,Blade Runner
Fantasia,Harry Potter
Romance,A Cinco Passos de Você
Terror,It: A Coisa
Ação,Velocidade Máxima
Ação,John Wick
Ficção Científica,Blade Runner
Comédia,Gente Grande
Ficção Científica,2001: Uma Odisseia no Espaço
Comédia,Click
Fantasia,Crônicas de Nárnia
Romance,Como Eu Era Antes de Você
Romance,Como Eu Era Antes de Você
Fantasia,O Senhor dos Anéis
Terror,Atividade Paranormal
Romance,Diário de uma Paixão
Animação,Divertida Mente
Fantasia,Harry Potter
Animação,Moana
Terror,Atividade Paranormal
Ficção Científica,Blade Runner
Suspense,Corra!
Terror,O Iluminado
Suspense,Os Outros
Drama,Beleza Americana
Comédia,Click
Fantasia,Percy Jackson
Ficção Científica,Interestelar
Terror,Pânico
Animação,Frozen
Terror,O Exorcista
Ação,Missão Impossível
Terror,Atividade Paranormal
Comédia,Debi & Lóide
Romance,A Cinco Passos de Você
Terror,Pânico
Romance,PS: Eu Te Amo
Romance,Diário de uma Paixão
Drama,Beleza Americana
Ação,Velozes e Furiosos
Romance,Diário de uma Paixão
Drama,Titanic
Fantasia,Alice no País das Maravilhas
Ação,John Wick
Comédia,Debi & Lóide
Drama,Titanic
Suspense,Os Outros
Fantasia,Percy Jackson
Ficção Científica,Avatar
Suspense,Fragmentado
Fantasia,Alice no País das Maravilhas
Fantasia,Alice no País das Maravilhas
Drama,Beleza Americana
Suspense,Corra!
Animação,Frozen
Animação,Meu Malvado Favorito
Terror,It: A Coisa
Suspense,A Ilha do Medo
Animação,Frozen
Animação,Os Incríveis
Ficção Científica,Duna
Comédia,Ace Ventura
Drama,O Poderoso Chefão
Romance,Diário de uma Paixão
Terror,Invocação do Mal
Romance,PS: Eu Te Amo
Ficção Científica,Duna
Suspense,Corra!
Ação,John Wick
Romance,PS: Eu Te Amo
Ação,Velocidade Máxima
Suspense,A Ilha do Medo
Ficção Científica,Star Wars
Romance,PS: Eu Te Amo
Fantasia,Percy Jackson
Terror,Atividade Paranormal
Terror,It: A Coisa
Romance,PS: Eu Te Amo
Ação,Velocidade Máxima
Ficção Científica,2001: Uma Odisseia no Espaço
Romance,Diário de uma Paixão
Suspense,Garota Exemplar
Fantasia,Harry Potter
Romance,A Cinco Passos de Você
Ação,Velozes e Furiosos
Romance,Diário de uma Paixão
Suspense,Garota Exemplar
Ação,Duro de Matar
Romance,Como Eu Era Antes de Você
Terror,Atividade Paranormal
Ficção Científica,Star Wars
Romance,Como Eu Era Antes de Você
Romance,Como Eu Era Antes de Você
Comédia,Debi & Lóide
Ação,Missão Impossível
Ficção Científica,Matrix
Comédia,As Branquelas
Ação,John Wick
Terror,Hereditário
Ação,Mad Max
Terror,O Exorcista
Suspense,Os Outros
Comédia,O Máskara
Suspense,Os Outros
Animação,Os Incríveis
Drama,A Cor Púrpura
Comédia,Ace Ventura
Animação,Shrek
Ação,Duro de Matar
Romance,PS: Eu Te Amo
Terror,Invocação do Mal
Terror,Invocação do Mal
Animação,Shrek
Ação,O Protetor
Fantasia,Alice no País das Maravilhas
Ficção Científica,Interestelar
Fantasia,Crônicas de Nárnia
Ação,Velocidade Máxima
Suspense,A Ilha do Medo
Romance,Como Eu Era Antes de Você
Suspense,Os Outros
Drama,Clube da Luta
Drama,Beleza Americana
Fantasia,Crônicas de Nárnia
Fantasia,Alice no País das Maravilhas
Suspense,Corra!
Animação,Os Incríveis
Terror,Hereditário
Comédia,Click
Suspense,Garota Exemplar
Suspense,Fragmentado
Romance,Como Eu Era Antes de Você
Ação,Gladiador
Ficção Científica,Matrix
Suspense,Garota Exemplar
Ficção Científica,Avatar
Animação,Os Incríveis
Animação,Moana
Fantasia,Harry Potter
Fantasia,O Senhor dos Anéis
Comédia,O Máskara
Romance,PS: Eu Te Amo
Fantasia,O Senhor dos Anéis
Suspense,Os Outros
Suspense,Corra!
Ação,Velozes e Furiosos
Animação,Frozen
Romance,Diário de uma Paixão
Animação,Os Incríveis
Suspense,Fragmentado
Fantasia,Crônicas de Nárnia
Romance,A Cinco Passos de Você
Ficção Científica,Star Wars
Suspense,O Silêncio dos Inocentes
Animação,Moana
Terror,Invocação do Mal
Terror,It: A Coisa
Comédia,Ace Ventura
Terror,O Exorcista
Suspense,O Silêncio dos Inocentes
Fantasia,Percy Jackson
Animação,Shrek
Terror,It: A Coisa
Terror,It: A Coisa
Drama,Forrest Gump
Ação,Mad Max
Animação,Toy Story
Ação,Duro de Matar
Drama,Beleza Americana
Suspense,A Ilha do Medo
Ação,Duro de Matar
Suspense,Corra!
Suspense,O Silêncio dos Inocentes
Drama,À Espera de um Milagre
Animação,Meu Malvado Favorito
Comédia,"Se Beber, Não Case"
Romance,PS: Eu Te Amo
Comédia,As Branquelas
Drama,O Poderoso Chefão
Animação,Shrek
Terror,Invocação do Mal
Fantasia,Alice no País das Maravilhas
Terror,Hereditário
Fantasia,Alice no País das Maravilhas
Suspense,Corra!
Animação,Divertida Mente
Animação,Toy Story
Comédia,O Máskara
Terror,It: A Coisa
Comédia,Ace Ventura
Terror,O Exorcista
Fantasia,Harry Potter
Drama,À Espera de um Milagre
Romance,PS: Eu Te Amo
Suspense,O Silêncio dos Inocentes
Ação,John Wick
Animação,Moana
Suspense,A Ilha do Medo
Terror,It: A Coisa
Terror,Atividade Paranormal
Comédia,O Máskara
Drama,Forrest Gump
Drama,À Espera de um Milagre
Ação,Mad Max
Animação,Moana
Suspense,A Ilha do Medo
Suspense,Os Outros
Animação,Divertida Mente
Animação,Meu Malvado Favorito
Suspense,A Ilha do Medo
Ação,Velocidade Máxima
Ficção Científica,Duna
Animação,Toy Story
Comédia,O Máskara
Ação,Duro de Matar
Ação,Mad Max
Suspense,Fragmentado
Suspense,O Silêncio dos Inocentes
Drama,A Cor Púrpura
Romance,PS: Eu Te Amo
Comédia,Debi & Lóide
Ficção Científica,Blade Runner
Ficção Científica,Star Wars
Comédia,Ace Ventura
Ficção Científica,Blade Runner
Suspense,O Silêncio dos Inocentes
Romance,A Cinco Passos de Você
Ação,Gladiador
Comédia,Gente Grande
Animação,Os Incríveis
Comédia,Esqueceram de Mim
Fantasia,Harry Potter
Fantasia,Alice no País das Maravilhas
Romance,Um Amor para Recordar
Terror,O Iluminado
Ficção Científica,Duna
Suspense,Os Outros
Suspense,A Ilha do Medo
Terror,It: A Coisa
Fantasia,O Senhor dos Anéis
Animação,Meu Malvado Favorito
Suspense,A Ilha do Medo
Ação,John Wick
Drama,Forrest Gump
Fantasia,Harry Potter
Fantasia,Alice no País das Maravilhas
Comédia,O Máskara
Comédia,Debi & Lóide
Comédia,Ace Ventura
Suspense,Os Outros
Animação,Moana
Romance,PS: Eu Te Amo
Suspense,Garota Exemplar
Suspense,Fragmentado
Drama,Clube da Luta
Terror,O Iluminado
Fantasia,O Senhor dos Anéis
Comédia,Click
Romance,Como Eu Era Antes de Você
Fantasia,Crônicas de Nárnia
Ação,Duro de Matar
Animação,Meu Malvado Favorito
Drama,Clube da Luta
Fantasia,Alice no País das Maravilhas
Ficção Científica,Star Wars
Fantasia,Percy Jackson
Romance,PS: Eu Te Amo
Ficção Científica,Avatar
Terror,Pânico
Terror,O Iluminado
Romance,Diário de uma Paixão
Romance,Um Amor para Recordar
Ficção Científica,2001: Uma Odisseia no Espaço
Suspense,Os Outros
Romance,PS: Eu Te Amo
Drama,Clube da Luta
Ação,Mad Max
Fantasia,Percy Jackson
Ficção Científica,Avatar
Comédia,Debi & Lóide
Comédia,Debi & Lóide
Ação,Mad Max
Romance,Diário de uma Paixão
Comédia,Debi & Lóide
Animação,Os Incríveis
Romance,Um Amor para Recordar
Ficção Científica,Avatar
Fantasia,Alice no País das Maravilhas
Ficção Científica,2001: Uma Odisseia no Espaço
Suspense,Fragmentado
Ação,Velozes e Furiosos
Terror,Pânico
Animação,Frozen
Comédia,Esqueceram de Mim
Comédia,"Se Beber, Não Case"
Suspense,Garota Exemplar
Animação,Toy Story
Ação,O Protetor
Ação,Duro de Matar
Ficção Científica,Star Wars
Romance,Diário de uma Paixão
Terror,O Iluminado
Romance,A Cinco Passos de Você
Drama,O Poderoso Chefão
Drama,À Espera de um Milagre
Romance,A Cinco Passos de Você
Terror,Atividade Paranormal
Drama,O Poderoso Chefão
Suspense,Os Outros
Animação,Meu Malvado Favorito
Animação,Toy Story
Suspense,O Silêncio dos Inocentes
Fantasia,O Senhor dos Anéis
Comédia,Debi & Lóide
Ficção Científica,Duna
Animação,Divertida Mente
Animação,Meu Malvado Favorito
Animação,Frozen
Romance,PS: Eu Te Amo
Comédia,O Máskara
Romance,A Cinco Passos de Você
Ficção Científica,Duna
Animação,Moana
Ação,Velocidade Máxima
Animação,Toy Story
Ação,Gladiador
Animação,Frozen
Ficção Científica,Matrix
Terror,O Iluminado
Animação,Procurando Nemo
Comédia,As Branquelas
Animação,Meu Malvado Favorito
Ação,O Protetor
Drama,À Espera de um Milagre
Animação,Os Incríveis
Romance,Diário de uma Paixão
Terror,O Exorcista
Fantasia,Crônicas de Nárnia
Fantasia,Percy Jackson
Animação,Procurando Nemo
Animação,Meu Malvado Favorito
Animação,Os Incríveis
Comédia,Debi & Lóide
Comédia,Ace Ventura
Terror,Hereditário
Romance,A Cinco Passos de Você
Ficção Científica,Interestelar
Romance,Um Amor para Recordar
Animação,Shrek
Suspense,O Silêncio dos Inocentes
Animação,Divertida Mente
Ficção Científica,Interestelar
Terror,Atividade Paranormal
Ação,O Protetor
Terror,Pânico
Comédia,Debi & Lóide
Animação,Divertida Mente
Comédia,Ace Ventura
Ação,Missão Impossível
Animação,Meu Malvado Favorito
Comédia,"Se Beber, Não Case"
Terror,O Iluminado
Drama,Clube da Luta
Suspense,O Silêncio dos Inocentes
Fantasia,Alice no País das Maravilhas
Drama,Clube da Luta
Comédia,Debi & Lóide
Romance,Como Eu Era Antes de Você
Ação,O Protetor
Terror,Atividade Paranormal
Suspense,Garota Exemplar
Ficção Científica,Interestelar
Ficção Científica,Duna
Ficção Científica,Interestelar
Romance,Como Eu Era Antes de Você
Terror,Invocação do Mal
Suspense,A Ilha do Medo
Terror,Pânico
Ação,Missão Impossível
Ficção Científica,Matrix
Drama,Titanic
Terror,Invocação do Mal
Fantasia,O Senhor dos Anéis
Terror,Hereditário
Terror,It: A Coisa
Drama,Titanic
Ação,Duro de Matar
Drama,O Poderoso Chefão
Fantasia,Crônicas de Nárnia
Drama,À Espera de um Milagre
Ação,Mad Max
Ação,O Protetor
Terror,O Iluminado
Ficção Científica,Interestelar
Drama,Forrest Gump
Ação,Mad Max
Romance,A Cinco Passos de Você
Comédia,"Se Beber, Não Case"
Suspense,Corra!
Ficção Científica,Duna
Comédia,Debi & Lóide
Fantasia,O Senhor dos Anéis
Ação,Duro de Matar
Suspense,Os Outros
Ação,Missão Impossível
Suspense,Corra!
Romance,Um Amor para Recordar
Suspense,Os Outros
Suspense,A Ilha do Medo
Comédia,Gente Grande
Drama,À Espera de um Milagre
Drama,Forrest Gump
Fantasia,Crônicas de Nárnia
Romance,A Cinco Passos de Você
Fantasia,Crônicas de Nárnia
Suspense,Fragmentado
Romance,Um Amor para Recordar
Comédia,O Máskara
Romance,PS: Eu Te Amo
Terror,Atividade Paranormal
Ficção Científica,Avatar
Suspense,Corra!
Romance,Um Amor para Recordar
Ficção Científica,Blade Runner
Ficção Científica,2001: Uma Odisseia no Espaço
Animação,Os Incríveis
Drama,Beleza Americana
Suspense,A Ilha do Medo
Comédia,"Se Beber, Não Case"
Comédia,Esqueceram de Mim
Comédia,Gente Grande
Drama,A Cor Púrpura
Ação,O Protetor
Comédia,Esqueceram de Mim
Ficção Científica,Avatar
Romance,Um Amor para Recordar
Animação,Moana
Ficção Científica,Interestelar
Fantasia,O Senhor dos Anéis
Drama,Beleza Americana
Suspense,Garota Exemplar
Comédia,Gente Grande
Fantasia,Crônicas de Nárnia
Comédia,Click
Terror,Hereditário
Romance,A Cinco Passos de Você
Fantasia,Harry Potter
Animação,Toy Story
Drama,Forrest Gump
Animação,Os Incríveis
Ficção Científica,Interestelar
Drama,Titanic
Drama,A Cor Púrpura
Romance,Um Amor para Recordar
Drama,Beleza Americana
Ação,Velozes e Furiosos
Fantasia,O Senhor dos Anéis
Romance,PS: Eu Te Amo
Suspense,O Silêncio dos Inocentes
Drama,Forrest Gump
Animação,Os Incríveis
Comédia,As Branquelas
Drama,O Poderoso Chefão
Ação,Velozes e Furiosos
Animação,Meu Malvado Favorito
Romance,PS: Eu Te Amo
Suspense,Corra!
Animação,Frozen
Fantasia,Harry Potter
Ficção Científica,Blade Runner
Comédia,Click
Suspense,Fragmentado
Animação,Toy Story
Terror,Atividade Paranormal
Ação,Missão Impossível
Terror,It: A Coisa
Terror,Hereditário
Drama,Titanic
Animação,Moana
Ficção Científica,Interestelar
Ação,Gladiador
Romance,Diário de uma Paixão
Drama,Clube da Luta
Fantasia,O Senhor dos Anéis
Fantasia,Percy Jackson
Ficção Científica,Interestelar
Romance,Um Amor para Recordar
Romance,Um Amor para Recordar
Suspense,A Ilha do Medo
Ficção Científica,Duna
Romance,A Cinco Passos de Você
Romance,PS: Eu Te Amo
Animação,Shrek
Romance,Um Amor para Recordar
Ficção Científica,Matrix
Suspense,Os Outros
Ficção Científica,Interestelar
Romance,Um Amor para Recordar
Terror,Atividade Paranormal
Romance,A Cinco Passos de Você
Comédia,Esqueceram de Mim
Animação,Os Incríveis
Terror,It: A Coisa
Drama,À Espera de um Milagre
Fantasia,Harry Potter
Fantasia,Percy Jackson
Terror,Hereditário
Ficção Científica,Star Wars
Drama,O Poderoso Chefão
Comédia,Ace Ventura
Animação,Frozen
Drama,A Cor Púrpura
Drama,Titanic
Comédia,Ace Ventura
Suspense,Corra!
Suspense,Os Outros
Ficção Científica,Avatar
Ficção Científica,Matrix
Suspense,A Ilha do Medo
Suspense,Corra!
Animação,Moana
Ação,O Protetor
Fantasia,Harry Potter
Animação,Meu Malvado Favorito
Suspense,A Ilha do Medo
Ação,O Protetor
Animação,Shrek
Comédia,Esqueceram de Mim
Suspense,Fragmentado
Fantasia,Harry Potter
Suspense,Fragmentado
Terror,It: A Coisa
Suspense,Fragmentado
Drama,À Espera de um Milagre
Suspense,A Ilha do Medo
Ficção Científica,2001: Uma Odisseia no Espaço
Comédia,Ace Ventura
Ação,John Wick
Suspense,Corra!
Fantasia,Percy Jackson
Drama,Forrest Gump
Ficção Científica,Star Wars
Romance,PS: Eu Te Amo
Ficção Científica,2001: Uma Odisseia no Espaço
Ação,O Protetor
Comédia,Gente Grande
Comédia,Esqueceram de Mim
Animação,Moana
Drama,Forrest Gump
Comédia,Ace Ventura
Ficção Científica,Star Wars
Romance,Diário de uma Paixão
Comédia,Click
Fantasia,Alice no País das Maravilhas
Ficção Científica,Avatar
Drama,Beleza Americana
Fantasia,Harry Potter
Romance,A Cinco Passos de Você
Ficção Científica,Interestelar
Ficção Científica,Star Wars
Drama,O Poderoso Chefão
Ficção Científica,Avatar
Suspense,Garota Exemplar
Terror,O Exorcista
Drama,À Espera de um Milagre
Animação,Shrek
Fantasia,Percy Jackson
Fantasia,Harry Potter
Ficção Científica,Avatar
Drama,A Cor Púrpura
Romance,Diário de uma Paixão
Drama,O Poderoso Chefão
Drama,Beleza Americana
Suspense,A Ilha do Medo
Romance,Como Eu Era Antes de Você
Terror,Atividade Paranormal
Animação,Meu Malvado Favorito
Terror,O Iluminado
Terror,It: A Coisa
Suspense,Garota Exemplar
Ficção Científica,2001: Uma Odisseia no Espaço
Suspense,Corra!
Animação,Divertida Mente
Fantasia,Percy Jackson
Romance,Diário de uma Paixão
Terror,Hereditário
Drama,Titanic
Animação,Toy Story
Suspense,O Silêncio dos Inocentes
Fantasia,Harry Potter
Fantasia,Harry Potter
Animação,Shrek
Drama,Forrest Gump
Suspense,Fragmentado
Drama,Titanic
Romance,Um Amor para Recordar
Terror,Hereditário
Suspense,O Silêncio dos Inocentes
Ação,Velocidade Máxima
Ação,Velocidade Máxima
Fantasia,Crônicas de Nárnia
Terror,Atividade Paranormal
Comédia,Gente Grande
Terror,Invocação do Mal
Ficção Científica,Interestelar
Ficção Científica,Avatar
Drama,O Poderoso Chefão
Ação,Duro de Matar
Suspense,Os Outros
Drama,Titanic
Suspense,Corra!
Ação,Velozes e Furiosos
Ação,Duro de Matar
Terror,Hereditário
Drama,A Cor Púrpura
Fantasia,Alice no País das Maravilhas
Comédia,Click
Terror,It: A Coisa
Comédia,As Branquelas
Terror,Atividade Paranormal
Suspense,A Ilha do Medo
Comédia,Debi & Lóide
Fantasia,Harry Potter
Fantasia,Percy Jackson
Terror,Pânico
Drama,Forrest Gump
Romance,Um Amor para Recordar
Ficção Científica,Matrix
Romance,Diário de uma Paixão
Comédia,Gente Grande
Comédia,As Branquelas
Romance,PS: Eu Te Amo
Ação,Velocidade Máxima
Ficção Científica,Star Wars
Ação,O Protetor
Comédia,Gente Grande
Terror,Pânico
Comédia,Gente Grande
Drama,À Espera de um Milagre
Ficção Científica,Duna
Ficção Científica,Avatar
Drama,Titanic
Suspense,Os Outros
Suspense,Os Outros
Drama,Titanic
Drama,À Espera de um Milagre
Suspense,A Ilha do Medo
Animação,Frozen
Ação,John Wick
Ação,O Protetor
Animação,Divertida Mente
Fantasia,Alice no País das Maravilhas
Animação,Toy Story
Terror,It: A Coisa
Ficção Científica,Avatar
Ação,O Protetor
Animação,Shrek
Ficção Científica,Blade Runner
Romance,PS: Eu Te Amo
Romance,Como Eu Era Antes de Você
Drama,Clube da Luta
Suspense,O Silêncio dos Inocentes
Fantasia,Crônicas de Nárnia
Comédia,Esqueceram de Mim
Comédia,Esqueceram de Mim
Drama,A Cor Púrpura
Animação,Os Incríveis
Comédia,"Se Beber, Não Case"
Ficção Científica,2001: Uma Odisseia no Espaço
Animação,Moana
Suspense,Fragmentado
Romance,Diário de uma Paixão
Suspense,O Silêncio dos Inocentes
Suspense,A Ilha do Medo
Ficção Científica,Duna
Romance,Como Eu Era Antes de Você
Ação,Velozes e Furiosos
Romance,Como Eu Era Antes de Você
Fantasia,O Senhor dos Anéis
Ação,Mad Max
Suspense,A Ilha do Medo
Drama,À Espera de um Milagre
Terror,Hereditário
Ficção Científica,Star Wars
Romance,A Cinco Passos de Você
Ação,Mad Max
Suspense,O Silêncio dos Inocentes
Ficção Científica,Blade Runner
Comédia,Ace Ventura
Fantasia,Crônicas de Nárnia
Romance,Como Eu Era Antes de Você
Animação,Frozen
Comédia,As Branquelas
Drama,Clube da Luta
Fantasia,Alice no País das Maravilhas
Fantasia,Harry Potter
Animação,Moana
Suspense,Garota Exemplar
Animação,Meu Malvado Favorito
Terror,Invocação do Mal
Drama,Titanic
Comédia,Debi & Lóide
Drama,Beleza Americana
Suspense,A Ilha do Medo
Ficção Científica,2001: Uma Odisseia no Espaço
Ficção Científica,2001: Uma Odisseia no Espaço
Comédia,Click
Animação,Procurando Nemo
Drama,Titanic
Ficção Científica,Duna
Terror,Invocação do Mal
Terror,Hereditário
Drama,O Poderoso Chefão
Suspense,A Ilha do Medo
Ficção Científica,Duna
Ficção Científica,Blade Runner
Fantasia,O Senhor dos Anéis
Comédia,"Se Beber, Não Case"
Animação,Divertida Mente
Suspense,Fragmentado
Romance,PS: Eu Te Amo
Comédia,Ace Ventura
Ficção Científica,2001: Uma Odisseia no Espaço
Comédia,Debi & Lóide
Suspense,Os Outros
Fantasia,Crônicas de Nárnia
Drama,Titanic
Fantasia,Percy Jackson
Drama,Titanic
Drama,Clube da Luta
Fantasia,Harry Potter
Comédia,Ace Ventura
Animação,Procurando Nemo
Drama,Forrest Gump
Terror,It: A Coisa
Fantasia,Crônicas de Nárnia
Comédia,Click
Terror,Pânico
Fantasia,Crônicas de Nárnia
Drama,Beleza Americana
Animação,Shrek
Fantasia,O Senhor dos Anéis
Drama,O Poderoso Chefão
Ficção Científica,Avatar
Ação,Missão Impossível
Comédia,As Branquelas
Animação,Frozen
Romance,A Cinco Passos de Você
Ação,Gladiador
Fantasia,Crônicas de Nárnia
Animação,Meu Malvado Favorito
Terror,Hereditário
Romance,Como Eu Era Antes de Você
Suspense,A Ilha do Medo
Ação,Mad Max
Suspense,Corra!
Suspense,Corra!
Terror,It: A Coisa
Drama,Forrest Gump
Ficção Científica,2001: Uma Odisseia no Espaço
Ficção Científica,Blade Runner
Drama,Titanic
Ficção Científica,Duna
Fantasia,Harry Potter
Ficção Científica,Matrix
Suspense,A Ilha do Medo
Animação,Meu Malvado Favorito
Terror,O Exorcista
Comédia,As Branquelas
Animação,Divertida Mente
Romance,Diário de uma Paixão
Drama,Titanic
Ficção Científica,Duna
Ficção Científica,Matrix
Drama,Clube da Luta
Fantasia,Alice no País das Maravilhas
Suspense,O Silêncio dos Inocentes
Suspense,A Ilha do Medo
Comédia,Esqueceram de Mim
Fantasia,Alice no País das Maravilhas
Terror,O Exorcista
Ficção Científica,Interestelar
Ação,Duro de Matar
Suspense,Fragmentado
